Time,Total_RF,Max_VM_Stress,Tip_Deflection,"Node_at_(-1.73415374755859, 7.14465618133545, -0.575582563877106)","Node_at_(-1.90545034408569, 4.01458883285522, -0.480548650026321)","Node_at_(-1.84835147857666, 5.08138942718506, -0.321285039186478)","Node_at_(-1.79125261306763, 6.08572340011597, -0.670768141746521)","Node_at_(-1.67705488204956, 8.15699577331543, -0.859869658946991)","Node_at_(-1.25139367580414, 4.01124095916748, -0.507814168930054)","Node_at_(-0.625677943229675, 5.09551858901978, -0.206212624907494)","Node_at_(-1.27934789657593, 5.09038782119751, -0.247998923063278)","Node_at_(-0.48861226439476, 4.02499437332153, -0.395802319049835)","Node_at_(-1.03687500953674, 8.16042137145996, -0.831966936588287)","Node_at_(-1.36321091651917, 8.15624618530273, -0.865970075130463)","Node_at_(-0.762743651866913, 6.09234952926636, -0.616802513599396)","Node_at_(-1.30730223655701, 6.08374261856079, -0.686900079250336)","Node_at_(-0.899809300899506, 7.15486812591553, -0.492415010929108)","Node_at_(-1.33525657653809, 7.15067100524902, -0.526596128940582)","Node_at_(-1.22343933582306, 3.03010153770447, 0.0305737629532814)","Node_at_(-0.351546585559845, 3.03565835952759, 0.0758307278156281)","Node_at_(-1.96254920959473, 3.0180606842041, -0.0674907341599464)","Node_at_(-1.21000003814697, 0.620000004768372, 0.100502014160156)","Node_at_(-1.99000000953674, 1.86000001430511, -0.33738985657692)","Node_at_(-1.21000003814697, 1.86000001430511, -0.373274862766266)","Node_at_(-0.280000001192093, 1.86000001430511, -0.226147294044495)","Node_at_(-1.99000000953674, 0.620000004768372, -0.00359349278733134)","Node_at_(-0.280000001192093, 0.620000004768372, 0.145904913544655)"
0.0,0.0,0.0,0.0,0.0,0.0,0.0,0.0,0.0,0.0,0.0,0.0,0.0,0.0,0.0,0.0,0.0,0.0,0.0,0.0,0.0,0.0,0.0,0.0,0.0,0.0,0.0,0.0,0.0,0.0,0.0,0.0,0.0,0.0,0.0,0.0,0.0,0.0,0.0,0.0,0.0,0.0,0.0,0.0,0.0,0.0,0.0,0.0,0.0,0.0,0.0,0.0,0.0,0.0,0.0,0.0,0.0,0.0,0.0,0.0,0.0,0.0,0.0,0.0,0.0,0.0,0.0,0.0,0.0,0.0,0.0,0.0,0.0,0.0,0.0,0.0,0.0,0.0,0.0,0.0,0.0,0.0,0.0,0.0,0.0,0.0,0.0,0.0,0.0,0.0,0.0,0.0,0.0,0.0,0.0,0.0,0.0,0.0,0.0,0.0,0.0,0.0,0.0,0.0,0.0,0.0,0.0,0.0,0.0,0.0,0.0,0.0,0.0,0.0,0.0,0.0,0.0,0.0,0.0,0.0,0.0,0.0,0.0,0.0,0.0,0.0,0.0,0.0,0.0,0.0,0.0,0.0,0.0,0.0,0.0,0.0,0.0,0.0,0.0,0.0,0.0,0.0,0.0,0.0,0.0,0.0,0.0,0.0,0.0,0.0,0.0,0.0,0.0,0.0,0.0,0.0,0.0,0.0,0.0,0.0,0.0,0.0,0.0,0.0,0.0,0.0,0.0,0.0,0.0,0.0,0.0,0.0,0.0,0.0,0.0,0.0,0.0,0.0,0.0,0.0,0.0,0.0,0.0,0.0,0.0,0.0,0.0,0.0,0.0,0.0,0.0,0.0,0.0,0.0,0.0,0.0,0.0,0.0,0.0,0.0,0.0,0.0,0.0,0.0,0.0,0.0,0.0,0.0,0.0,0.0,0.0,0.0,0.0,0.0,0.0,0.0,0.0,0.0,0.0,0.0,0.0,0.0,0.0,0.0,0.0
0.0399999991059303,15100.6871565624,27761206.0,0.0403487682342529,2.10362577490741e-05,8.30596691230312e-05,8.23384907562286e-05,0.000216700762393884,0.000159709670697339,7.13398039806634e-05,7.53897838876583e-05,5.66913186048623e-05,8.60745276440866e-05,1.0722859769885e-05,2.9896140404162e-05,0.000183333817403764,0.000150381252751686,9.49198001762852e-05,2.14952760870801e-05,2.29811139433878e-05,6.30130380159244e-05,0.000168370723258704,3.16734949592501e-05,2.56284984061494e-05,4.7946632548701e-05,0.000148049744893797,0.000180857939994894,0.000174479981069453,6.84203841956332e-05,8.35690589156002e-05,2.11339538509492e-05,1.29527543322183e-05,2.12730592465959e-05,1.99184996745316e-05,1.85802746273112e-05,1.30822782011819e-05,1.24341549962992e-05,7.90342164691538e-05,5.09334786329418e-05,8.27988333185203e-05,0.000103914921055548,7.44021817808971e-05,4.72771680506412e-05,4.63510768895503e-05,7.87908065831289e-05,6.09190974500962e-05,3.13763121084776e-05,3.00382762361551e-05,2.75006314041093e-05,3.49454530805815e-05,6.17692494415678e-05,0.000167042046086863,9.98107134364545e-05,6.42354425508529e-05,0.000104974176792894,0.000152059699757956,2.54214683081955e-05,0.000297488964861259,0.000136518079671077,6.48437562631443e-05,1.88167759915814e-05,0.000133286972413771,0.000176539499079809,2.67864616034785e-05,0.000341217237291858,0.00034113900619559,0.000324741180520505,0.000156494963448495,0.000339929712936282,0.000354787363903597,0.000180863018613309,3.32119307131507e-05,3.91539433621801e-05,2.25168296310585e-05,3.22181258525234e-05,5.46664705325384e-05,9.12539544515312e-05,9.37354634515941e-05,7.92530918261036e-05,7.30756291886792e-05,8.65050460561179e-05,4.78010078950319e-05,0.000156728070578538,0.000339973979862407,0.000132742352434434,0.000370659457985312,0.000325677945511416,0.000123259553220123,0.000354410789441317,5.11735051986761e-05,6.902075256221e-05,6.40304933767766e-05,0.000121771852718666,9.54054212343181e-06,7.7138545748312e-05,6.22499865130521e-05,2.03945419343654e-05,5.61470260436181e-05,8.51983204483986e-05,6.92598623572849e-05,6.94946647854522e-05,7.17165457899682e-05,0.000110565692011733,4.4781671022065e-05,2.38309548876714e-05,3.38738573191222e-05,3.12061638396699e-05,5.43701935384888e-05,0.000109788910776842,4.31441949331202e-05,0.000157052782014944,2.11566457437584e-05,6.85826016706415e-05,4.0359991544392e-05,5.82636239414569e-05,0.00015834259102121,2.94660821964499e-05,4.30117834184784e-05,0.000187728946912102,6.08845548413228e-05,4.38620445493143e-05,0.000190536215086468,0.000149832689203322,1.26854220070527e-05,0.000207054414204322,6.56102420180105e-05,0.000204610478249379,7.921144424472e-05,3.72770809917711e-05,5.81306558160577e-05,0.000132045533973724,5.78993567614816e-05,2.56027578870999e-05,6.02444451942574e-05,5.95387100474909e-05,4.05312930524815e-05,4.78261572425254e-05,6.15523094893433e-05,1.71597384905908e-05,1.80235037987586e-05,3.59990299330093e-05,5.09884594066534e-05,9.42028782446869e-05,3.53654068021569e-05,6.29833448329009e-05,3.73679213225842e-05,3.68025976058561e-05,0.000110717963252682,5.70043739571702e-05,5.59636864636559e-05,5.0712074880721e-05,3.44348045473453e-05,2.90563966700574e-05,4.87838588014711e-05,4.26322148996405e-05,1.90267419384327e-05,7.55247237975709e-05,2.35155475820648e-05,7.25482459529303e-05,2.76339778793044e-05,2.25228104682174e-05,1.93282085092505e-05,4.87304096168373e-05,3.1797302654013e-05,2.93348584818887e-05,2.97661517834058e-05,2.54114293056773e-05,2.16441421798663e-05,2.08592264243634e-05,3.51798662450165e-05,1.9399974917178e-05,9.39750389079563e-05,3.24155080306809e-05,2.99259354505921e-05,1.34938363771653e-05,5.13871455041226e-05,2.97006426990265e-05,2.56979237747146e-05,2.96516627713572e-05,3.61731435987167e-05,3.15354627673514e-05,9.98368777800351e-05,2.19110315811122e-05,0.00013512976875063,7.97424145275727e-05,5.4847445426276e-05,2.71276021521771e-05,6.68883367325179e-05,5.09777164552361e-05,1.16091741801938e-05,0.000159650749992579,8.49435236887075e-05,5.59941254323348e-05,0.000116652554424945,4.97766559419688e-05,1.46693564602174e-05,4.13396992371418e-05,4.08095183956902e-05,3.90431050618645e-05,2.65927519649267e-05,3.98050688090734e-05,3.71134228771552e-05,3.53417744918261e-05,3.30271941493265e-05,4.55307017546147e-05,5.58912943233736e-05,4.30529471486807e-05,5.09367309859954e-05,2.44210586970439e-05,4.05818864237517e-05,3.18595484714024e-05,4.8087582399603e-05,5.18517699674703e-05,4.37252165284008e-05,5.3914867748972e-05,4.98693298141006e-05,2.06955119210761e-05,0.000137669776449911,7.52037885831669e-05,9.4690803962294e-05,4.06301187467761e-05,4.35746842413209e-05,5.13883351231925e-05,5.36539373570122e-05,7.13602858013473e-05
0.0799999982118607,30201.4103148711,55529120.0,0.0805523246526718,4.19727293774486e-05,0.000168393016792834,0.000164206343470141,0.000431954744271934,0.000318651233101264,0.00014298246242106,0.000151769520016387,0.000113753580080811,0.000173242471646518,2.10562211577781e-05,5.97085090703331e-05,0.000368382723536342,0.000302326836390421,0.000189891041372903,4.24434729211498e-05,4.67914323962759e-05,0.000127078237710521,0.000338453945005313,6.33268937235698e-05,5.11791731696576e-05,9.49480890994892e-05,0.000297609192784876,0.000363508937880397,0.000350743473973125,0.000139998432132415,0.000170420797076076,4.20430696976837e-05,2.59541448031086e-05,4.3026237108279e-05,3.93004156649113e-05,3.63528051821049e-05,2.58844393101754e-05,2.46193540078821e-05,0.000157894974108785,0.000101449237263296,0.000165169316460378,0.000207390257855877,0.000148536040796898,9.43108097999357e-05,9.24456107895821e-05,0.000157554575707763,0.000121580065751914,6.23013474978507e-05,6.01976134930737e-05,5.37242995051201e-05,6.96952993166633e-05,0.000124630372738466,0.00033580677700229,0.000200959970243275,0.000129486506921239,0.000209468911634758,0.000303825072478503,5.09172168676741e-05,0.000594602315686643,0.00027335510822013,0.000130620450363494,3.60291014658287e-05,0.000267027295194566,0.000354832649463788,5.38637068530079e-05,0.000680749770253897,0.00068058242322877,0.000648117100354284,0.000312747783027589,0.000678246258758008,0.000708787469193339,0.000363517116056755,6.65192710584961e-05,7.83039067755453e-05,4.42995369667187e-05,6.47416381980292e-05,0.000109659333247691,0.000182546267751604,0.000187491707038134,0.000158299648319371,0.000145973652251996,0.000172664818819612,9.5412069640588e-05,0.000313078809995204,0.000678352487739176,0.000265861162915826,0.000740478164516389,0.000649776309728622,0.00024673982989043,0.000707154045812786,0.000101990044640843,0.000137907409225591,0.000127715844428167,0.000242082693148404,1.91662202269072e-05,0.000153853397932835,0.000123765712487511,4.16605143982451e-05,0.000112056768557522,0.000170523344422691,0.000138097690069117,0.000138465373311192,0.00014302866475191,0.000220385409193113,8.91500530997291e-05,4.71258899779059e-05,6.77201678627171e-05,6.22258521616459e-05,0.00010810266394401,0.000219175271922722,8.56251281220466e-05,0.000313114316668361,4.22410921601113e-05,0.000140120857395232,7.98218534328043e-05,0.000116367315058596,0.000315672688884661,5.87959948461503e-05,8.6411033407785e-05,0.000375417701434344,0.000121161931019742,8.84170585777611e-05,0.000380524521460757,0.000300191371934488,2.50833691097796e-05,0.000412512279581279,0.000130784479551949,0.000407711195293814,0.000158347509568557,7.48837919672951e-05,0.000115970891783945,0.000262557354290038,0.000115759175969288,5.11185244249646e-05,0.000120492659334559,0.000119026975880843,8.06418756837957e-05,9.52952177613042e-05,0.000122674682643265,3.40354017680511e-05,3.52126080542803e-05,7.18288938514888e-05,0.000101501624158118,0.000189725935342722,7.00021264492534e-05,0.000125896811368875,7.45016586733982e-05,7.36404690542258e-05,0.000220774920308031,0.000113407644676045,0.000111457564344164,0.000100610690424219,6.84841943439096e-05,5.77659884584136e-05,9.62132253334858e-05,8.3864331827499e-05,3.80081000912469e-05,0.000149692554259673,4.64787044620607e-05,0.000143658427987248,5.4736745369155e-05,4.50203297077678e-05,3.8432321161963e-05,9.70599794527516e-05,6.30431604804471e-05,5.83960500080138e-05,5.8975099818781e-05,5.04356430610642e-05,4.27689592470415e-05,4.16906623286195e-05,7.02752586221322e-05,3.8537553336937e-05,0.000191091574379243,6.32635274087079e-05,6.03878106630873e-05,2.66521237790585e-05,0.000102192680060398,5.94446173636243e-05,5.16040381626226e-05,5.93551667407155e-05,7.16944050509483e-05,6.29464047960937e-05,0.000200935784960166,4.32627894042525e-05,0.000268720061285421,0.000159140981850214,0.000109581917058676,5.31047517142724e-05,0.000134641508338973,0.000102390760730486,2.27992950385669e-05,0.000318564096232876,0.000170022933161817,0.000111594199552201,0.000233642596867867,9.87534658634104e-05,2.94896271952894e-05,8.22235524537973e-05,8.14037048257887e-05,7.74794680182822e-05,5.30287179572042e-05,7.92021382949315e-05,7.4263421993237e-05,7.07592407707125e-05,6.59966317471117e-05,9.07495996216312e-05,0.000111683999421075,8.5923369624652e-05,0.000101584788353648,4.85620730614755e-05,8.06833995738998e-05,6.34650277788751e-05,9.61155019467697e-05,0.000103686899819877,8.68267816258594e-05,0.000107340740214568,9.93281209957786e-05,4.1219376726076e-05,0.000274238234851509,0.00014943974383641,0.000188466423423961,7.92070277384482e-05,8.64786270540208e-05,0.000101936551800463,0.00010679160914151,0.000141684664413333
0.119999997317791,45302.1668527377,83301912.0,0.120610989630222,6.28145935479552e-05,0.000255889026448131,0.000245611474383622,0.000645779480691999,0.000476832326967269,0.00021484075114131,0.000229060126002878,0.000171112129464746,0.00026147867902182,3.10223913402297e-05,8.94206605153158e-05,0.000555083330255002,0.000455778586911038,0.000284841458778828,6.28476627753116e-05,7.15236747055314e-05,0.000192189036170021,0.000510204292368144,9.49436507653445e-05,7.66600714996457e-05,0.00014100554108154,0.000448622507974505,0.000547899107914418,0.00052873115055263,0.000214648578548804,0.000260460859863088,6.27419940428808e-05,3.90551540476736e-05,6.52806120342575e-05,5.81506428716239e-05,5.33329584868625e-05,3.84070372092538e-05,3.65548439731356e-05,0.000236576772294939,0.00015155429719016,0.000247091957135126,0.000310417788568884,0.000222392845898867,0.00014110431948211,0.000138287839945406,0.000236282008700073,0.000181994575541466,9.28508015931584e-05,9.04774860828184e-05,7.87349854363129e-05,0.000104284365079366,0.000188565158168785,0.000506247626617551,0.000303412409266457,0.000195748551050201,0.000313476484734565,0.000455327681265771,7.65434160712175e-05,0.000891352246981114,0.000410524604376405,0.000197320463485084,5.16952204634435e-05,0.00040122345671989,0.000534834631253034,8.12402067822404e-05,0.00101863581221551,0.00101836875546724,0.000970166292972863,0.000468781887320802,0.00101498130243272,0.00106204184703529,0.000547908304724842,9.99211333692074e-05,0.000117451483674813,6.54181785648689e-05,9.75673174252734e-05,0.000164970871992409,0.000273867539362982,0.000281263288343325,0.000237135798670352,0.000218688815948553,0.000258475367445499,0.000142832519486547,0.000469084654469043,0.00101516686845571,0.000399372627725825,0.00110950332600623,0.000972328649368137,0.000370449386537075,0.00105828000232577,0.000152450811583549,0.000206655502552167,0.000191045852261595,0.000360940146492794,2.89145409624325e-05,0.000230128775001504,0.000184547156095505,6.40658690826967e-05,0.000167741876794025,0.00025596606428735,0.000206487718969584,0.000206889118999243,0.000213910388993099,0.000329417613102123,0.00013309832138475,6.99198790243827e-05,0.000101534744317178,9.30551832425408e-05,0.000161199262947775,0.000328148191329092,0.000127447216073051,0.000468173151602969,6.32574010523967e-05,0.000214480620343238,0.000118393159937114,0.000174276603502221,0.000471978273708373,8.79936706041917e-05,0.000130199230625294,0.00056305032921955,0.00018087106582243,0.000133644542074762,0.000569965282920748,0.000451053318101913,3.71940186596476e-05,0.000616388337220997,0.000195537300896831,0.000609316222835332,0.00023740011965856,0.000112779489427339,0.000173516105860472,0.000391539826523513,0.000173575739609078,7.6558775617741e-05,0.000180721108336002,0.000178445567144081,0.000120328375487588,0.000142396049341187,0.000183339565410279,5.06226024299394e-05,5.15820356667973e-05,0.000107477382698562,0.000151530679431744,0.000286492344457656,0.000103920247056521,0.000188702848390676,0.000111398796434514,0.000110501183371525,0.000330125301843509,0.000169191771419719,0.000166460769833066,0.000149702478665859,0.000102142483228818,8.61260705278255e-05,0.000142296426929533,0.000123713121865876,5.69384756090585e-05,0.00022248673485592,6.8898058088962e-05,0.000213318504393101,8.13134174677543e-05,6.74866460030898e-05,5.73198703932576e-05,0.000144983408972621,9.37446675379761e-05,8.72691016411409e-05,8.76666308613494e-05,7.50725812395103e-05,6.33826493867673e-05,6.24961903668009e-05,0.000105265258753207,5.74161422264297e-05,0.000291177595499903,9.25658096093684e-05,9.13590847630985e-05,3.94819289795123e-05,0.000152397798956372,8.92158568603918e-05,7.77005188865587e-05,8.90945011633448e-05,0.000106555147795007,9.42139158723876e-05,0.000303208274999633,6.40570870018564e-05,0.000400774093577638,0.000238199048908427,0.000164202589076012,7.79671827331185e-05,0.000203189396415837,0.000154188426677138,3.35809017997235e-05,0.000476746092317626,0.000255229242611676,0.000166850004461594,0.000350960617652163,0.000146929800393991,4.44488650828134e-05,0.000122646539239213,0.000121770397527143,0.00011531501513673,7.93147191870958e-05,0.000118184703751467,0.000111434048449155,0.000106237886939198,9.89052787190303e-05,0.000135643829707988,0.000167370584676974,0.000128616069559939,0.000151950589497574,7.24325436749496e-05,0.000120313692605123,9.48191882343963e-05,0.000144074292620644,0.000155494592036121,0.00012930941011291,0.000160279116244055,0.000148377759614959,6.1569910030812e-05,0.000409706757636741,0.000222708258661442,0.000281328480923548,0.000115812559670303,0.000128719635540619,0.000151653206557967,0.000159413408255205,0.000210972255445085
0.159999996423721,60402.9617696571,111077760.0,0.160525262355804,8.35673708934337e-05,0.000345438398653641,0.000326561683323234,0.0008581931469962,0.000634260533843189,0.000286832189885899,0.000307185284327716,0.000228695804253221,0.000350756687112153,4.06460421800148e-05,0.000119017473480199,0.000743370037525892,0.000610676361247897,0.000379704229999334,8.27125550131314e-05,9.72095513134263e-05,0.000258336338447407,0.000683573947753757,0.000126508166431449,0.000102078702184372,0.000186123172170483,0.000601032050326467,0.000733972352463752,0.000708381005097181,0.000292278942652047,0.000353591109160334,8.32464793347754e-05,5.23184244229924e-05,8.80532243172638e-05,7.64755895943381e-05,6.95380149409175e-05,5.06515680172015e-05,4.8240770411212e-05,0.000315075390972197,0.000201256436412223,0.000328551221173257,0.000412990833865479,0.000295965233817697,0.000187661178642884,0.000183882046258077,0.000314964127028361,0.000242173293372616,0.00012308984878473,0.000120877135486808,0.000102595178759657,0.000138742369017564,0.000253554695518687,0.000678315642289817,0.000407130981329829,0.000263014255324379,0.000416990777011961,0.000606599205639213,0.000102347279607784,0.00118774990551174,0.000548039504792541,0.000264932663412765,6.58715071040206e-05,0.000535878003574908,0.000716497946996242,0.000108922882645857,0.00135491427499801,0.00135453720577061,0.00129092915449291,0.000624621578026563,0.00135016860440373,0.00141458923462778,0.000733980152290314,0.00013341594603844,0.00015659756900277,8.59376814332791e-05,0.000130691594677046,0.000220592832192779,0.000365208688890561,0.000375044939573854,0.000315758894430473,0.00029121688567102,0.00034393387613818,0.00019006195361726,0.000624778214842081,0.00135044998023659,0.000533292128238827,0.0014777802862227,0.00129336968529969,0.000494396314024925,0.00140784005634487,0.000202557886950672,0.000275261787464842,0.000254010868957266,0.000478353089420125,3.88154403481167e-05,0.00030595253338106,0.000244596420088783,8.77297279657796e-05,0.000223213894059882,0.000341517908964306,0.000274407619144768,0.000274746475042775,0.000284338922938332,0.00043762635323219,0.000176621586433612,9.22405670280568e-05,0.000135313501232304,0.000123690828331746,0.000213663384784013,0.000436698144767433,0.000168616257724352,0.00062222097767517,8.42104564071633e-05,0.00029152788920328,0.000156082984176464,0.000231960730161518,0.000627250818070024,0.000117063260404393,0.000174376225913875,0.000750610488466918,0.000240050358115695,0.000179523121914826,0.000758858514018357,0.00060239399317652,4.90185157104861e-05,0.00081869779387489,0.000259882828686386,0.000809439981821924,0.000316361052682623,0.000150924824993126,0.00023076223442331,0.000518998946063221,0.000231345198699273,0.000101934325357433,0.000240908426349051,0.000237777305301279,0.000159589544637129,0.000189120095456019,0.000243523332756013,6.69180808472447e-05,6.71483794576488e-05,0.000142933204188012,0.000201069153263234,0.000384427170502022,0.000137131428346038,0.000251367542659864,0.000148057471960783,0.000147372527862899,0.000438729213783517,0.000224342089495622,0.000220955756958574,0.000197996196220629,0.000135405221953988,0.000114135022158735,0.000187045254278928,0.000162198339239694,7.58126334403642e-05,0.000293895252980292,9.07837238628417e-05,0.000281521177385002,0.000107370600744616,8.99160586413927e-05,7.59986287448555e-05,0.000192496881936677,0.000123909951071255,0.000116044415335637,0.000115881070087198,9.93234207271598e-05,8.34950478747487e-05,8.32789737614803e-05,0.000140130214276724,7.60398907004856e-05,0.000394065456930548,0.000120347627671435,0.00012281266390346,5.19908244314138e-05,0.000201987189939246,0.000118999858386815,0.000103970713098533,0.000118855270557106,0.000140749310958199,0.00012532043911051,0.000406569306505844,8.42974695842713e-05,0.000531296886038035,0.000316919758915901,0.000218708562897518,0.00010175199713558,0.00027246426907368,0.000206321943551302,4.39652394561563e-05,0.000634202500805259,0.000340553844580427,0.000221808921196498,0.000468595797428861,0.000194307373021729,5.95348101342097e-05,0.000162604846991599,0.000161898191436194,0.000152557040564716,0.000105457373138051,0.000156747832079418,0.000148609935422428,0.000141763623105362,0.000131749795400538,0.000180202085175551,0.000222943868720904,0.000171135747223161,0.000202040653675795,9.60429970291443e-05,0.000159482849994674,0.00012592515849974,0.000191955172340386,0.000207264340133406,0.000171179548487999,0.000212732731597498,0.000197020635823719,8.17456675576977e-05,0.000544079055543989,0.000295012752758339,0.000373281392967328,0.000150532549014315,0.000170307044754736,0.000200548864086159,0.000211521095479839,0.000279225583653897
0.200000002980232,75503.8025783323,138854928.0,0.200295731425285,0.000104236780316569,0.000436934438766912,0.000407064624596387,0.00106921372935176,0.000790942809544504,0.000358879246050492,0.000386071624234319,0.000286437250906602,0.000441049283836037,4.99542147736065e-05,0.000148485123645514,0.000933175615500659,0.000766958866734058,0.000474417582154274,0.000102044308732729,0.000123853445984423,0.000325508939567953,0.000858513230923563,0.00015800581604708,0.00012744206469506,0.000230308098252863,0.000754778797272593,0.000921670522075146,0.000889630056917667,0.000372793176211417,0.000449711107648909,0.000103573191154283,6.58194985589944e-05,0.000111357177956961,9.42829574341886e-05,8.49869174999185e-05,6.26203764113598e-05,5.9678110119421e-05,0.000393387919757515,0.000250564044108614,0.000409535423386842,0.000515104155056179,0.000369247194612399,0.00023398497432936,0.000229232318815775,0.000393592868931592,0.000302126136375591,0.000153074113768525,0.000151395623106509,0.000125365608255379,0.000173094653291628,0.000319579296046868,0.000851959921419621,0.000512077764142305,0.000331274088239297,0.000520007102750242,0.000757671776227653,0.000128368337755091,0.00148380594328046,0.000685912207700312,0.000333444942953065,7.86124146543443e-05,0.000670993118546903,0.000899772974662483,0.000136917660711333,0.00168962543830276,0.0016891275299713,0.00161044753622264,0.000780291447881609,0.00168384192511439,0.00176646572072059,0.000921674480196089,0.000167001620866358,0.00019574242469389,0.000105917912151199,0.000164110664627515,0.000276516715530306,0.000456560956081375,0.000468831945909187,0.000394167262129486,0.000363554689101875,0.000429038715083152,0.000237100161029957,0.000780192436650395,0.00168423564173281,0.000667634711135179,0.0018453502561897,0.00161293463315815,0.000618588761426508,0.00175588566344231,0.000252314144745469,0.000343724008416757,0.000316602090606466,0.000594331766478717,4.8892372433329e-05,0.000381315679987893,0.000303917098790407,0.00011272730625933,0.000278483232250437,0.000427170365583152,0.00034183805109933,0.00034202091046609,0.00035429437411949,0.00054498080862686,0.000219716486753896,0.000114110764116049,0.000169052422279492,0.000154129942529835,0.000265499635133892,0.000544817070476711,0.000209139063372277,0.000775252701714635,0.000105105784314219,0.000371130125131458,0.000192901672562584,0.000289392424747348,0.000781484704930335,0.000146009027957916,0.000218940433114767,0.000938082055654377,0.00029873731546104,0.000226030650082976,0.000947203487157822,0.000754187814891338,6.05588575126603e-05,0.00101945619098842,0.000323834625305608,0.00100809731520712,0.000395221839426085,0.000189281883649528,0.000287705595837906,0.000644942512735724,0.000289063464151695,0.000127255247207358,0.000301035353913903,0.000297006947221234,0.000198426161659881,0.000235461280681193,0.000303206004900858,8.29195851110853e-05,8.19298147689551e-05,0.000178186048287898,0.000250112469075248,0.000483457726659253,0.000169648483279161,0.00031386039336212,0.000184476404683664,0.000184242642717436,0.000546552066225559,0.000278847059234977,0.000274927937425673,0.000245502393227071,0.000168269034475088,0.00014179214485921,0.000230474193813279,0.000199342335690744,9.46257132454775e-05,0.000363910017767921,0.000112147041363642,0.000348263332853094,0.000132916116854176,0.000112303125206381,9.44764396990649e-05,0.000239597764448263,0.000153548055095598,0.000144815290695988,0.000143659199238755,0.000123190387967043,0.00010311754886061,0.000104043188912328,0.000174851724295877,9.44136045291089e-05,0.000499592744745314,0.000146637103171088,0.000154721114085987,6.41868318780325e-05,0.000250948738539591,0.000148783670738339,0.000130399188492447,0.000148624603752978,0.000174273300217465,0.000156249792780727,0.000510937650687993,0.000103989106719382,0.000660294725093991,0.000395306473365054,0.000273098645266145,0.000124497222714126,0.000342401152011007,0.000258744839811698,5.39640932402108e-05,0.000790938793215901,0.000425988488132134,0.000276515522273257,0.000586536305490881,0.000240889974520542,7.47349913581274e-05,0.000202095790882595,0.000201776390895247,0.000189213955309242,0.000131463064462878,0.000194887921679765,0.000185776443686336,0.000177322726813145,0.000164526631124318,0.00022441464534495,0.000278397143119946,0.000213486870052293,0.000251861405558884,0.000119404794531874,0.000198201683815569,0.000156786350999027,0.000239749846514314,0.000258986052358523,0.000212444923818111,0.000264705275185406,0.000245259958319366,0.000101745463325642,0.000677361153066158,0.000366359308827668,0.000464331678813323,0.000183456228114665,0.000211251594009809,0.000248635857133195,0.00026311760302633,0.000346450164215639
0.239999994635582,90604.6905166514,166631680.0,0.239923074841499,0.000124828657135367,0.000530273304320872,0.000487127836095169,0.00127885991241783,0.000946885847952217,0.000430909567512572,0.000465648918179795,0.000344273081282154,0.000532328151166439,5.89761475566775e-05,0.000177810958120972,0.00112443149555475,0.000924564024899155,0.000568924704566598,0.00012085038179066,0.000151446904055774,0.000393694179365411,0.00103497074451298,0.00018942286260426,0.000152756547322497,0.000273569719865918,0.000909802911337465,0.00111093418672681,0.00107241387013346,0.000456091976957396,0.000548718846403062,0.000123739460832439,7.96469612396322e-05,0.000135201815282926,0.000111581561213825,9.97000388451852e-05,7.43165364838205e-05,7.08685911376961e-05,0.000471512408694252,0.000299485982395709,0.00049003615276888,0.000616753532085568,0.000442233751527965,0.000280079286312684,0.000274342892225832,0.000472160259960219,0.000361862039426342,0.000182850664714351,0.000182031959411688,0.000147105063661002,0.000207362623768859,0.000386619212804362,0.00102712819352746,0.000618214253336191,0.00040051675750874,0.000622521969489753,0.000908577931113541,0.000154639448737726,0.00177952961530536,0.000824154994916171,0.000402844103518873,8.99705191841349e-05,0.000806571624707431,0.00108460849151015,0.000165229750564322,0.00202280865050852,0.0020221802406013,0.00192876416258514,0.000935817079152912,0.00201603700406849,0.00211770506575704,0.00111093150917441,0.000200675582163967,0.000234885723330081,0.000125413920613937,0.000197820583707653,0.000332733587129042,0.000547916046343744,0.00056261959252879,0.000472360436106101,0.000435699970694259,0.000513789127580822,0.000283947156276554,0.000935360265430063,0.00201655854471028,0.0008024150156416,0.00221225176937878,0.00193105987273157,0.000743034353945404,0.00210246723145247,0.000301723106531426,0.000412040943047032,0.000378811091650277,0.000708887295331806,5.91632306168322e-05,0.000456212350400165,0.00036251443088986,0.000139116906211711,0.00033355935011059,0.00051291543059051,0.000408762571169063,0.000408699153922498,0.000423759716795757,0.000651455018669367,0.000262381217908114,0.000135550173581578,0.000202747600269504,0.000184370102942921,0.00031671387841925,0.000652498158160597,0.000249023461947218,0.000927265733480453,0.000125949518405832,0.000453157001174986,0.000228860531933606,0.000346547603840008,0.000934677082113922,0.000174835382495075,0.000263888854533434,0.00112544884905219,0.000356968201231211,0.000273144571110606,0.00113499897997826,0.000906407542061061,7.18178343959153e-05,0.00121868005953729,0.000387405569199473,0.00120530312415212,0.000473973923362792,0.000227814292884432,0.000344343046890572,0.000769378792028874,0.000346726359566674,0.000152530774357729,0.000361084705218673,0.000356120901415125,0.000236840773141012,0.000281415646895766,0.000362370919901878,9.86257800832391e-05,9.59458338911645e-05,0.000213226463529281,0.000298657920211554,0.000583514105528593,0.000201485338038765,0.000376154202967882,0.00022065470693633,0.000221099966438487,0.000653564115054905,0.000332697993144393,0.000328365655150265,0.000292233191430569,0.000200731650693342,0.000169097605976276,0.000272600329481065,0.000235169311054051,0.000113373214844614,0.000432526634540409,0.000133000416099094,0.000413545494666323,0.000157958886120468,0.000134642672492191,0.000112761030322872,0.000286284455796704,0.00018266866391059,0.000173675885889679,0.000171042163856328,0.000146676611620933,0.000122262863442302,0.000124794139992446,0.000209412624826655,0.000112542700662743,0.00060760258929804,0.00017146478057839,0.000187056808499619,7.60783223086037e-05,0.000299273058772087,0.000178555710590445,0.000156971698743291,0.000178391084773466,0.000207125893211924,0.000186987002962269,0.000616236182395369,0.000123138481285423,0.000787775556091219,0.000473361898912117,0.000327371642924845,0.000146241654874757,0.000412937806686386,0.000311412935843691,6.3589723140467e-05,0.000946960237342864,0.000511525373440236,0.000331011309754103,0.000704769336152822,0.000286683294689283,9.00368104339577e-05,0.00024111766833812,0.000241395027842373,0.000225295225391164,0.000157337883138098,0.000232602644246072,0.000222919334191829,0.000212901984923519,0.000197231987840496,0.000268273084657267,0.000333723903167993,0.000255673890933394,0.000301419349852949,0.000142529999720864,0.000236481573665515,0.000187406461918727,0.000287450646283105,0.000310649775201455,0.000253114470979199,0.000316201476380229,0.00029309990350157,0.000121568293252494,0.000809560937341303,0.000436756468843669,0.00055448804050684,0.000214675761526451,0.000251564983045682,0.000295927922707051,0.000314206961775199,0.000412654160754755
0.280000001192093,105705.606440368,194406320.0,0.279408097267151,0.000145348865771666,0.000625354528892785,0.000566758564673364,0.00148714985698462,0.00110209628473967,0.000502855458762497,0.000545850081834942,0.000402143894461915,0.000624564825557172,6.77429998177104e-05,0.000206983531825244,0.001317068352364,0.0010834289714694,0.000663173501379788,0.000139139272505417,0.000179975148057565,0.00046287800068967,0.00121289398521185,0.00022074647131376,0.000178027767105959,0.000315919780405238,0.0010660442057997,0.00130170304328203,0.00125666719395667,0.000542074034456164,0.000650511996354908,0.000143763201776892,9.39010133151896e-05,0.000159592978889123,0.000128381114336662,0.000113698857603595,8.5743740783073e-05,8.18145272205584e-05,0.00054944766452536,0.000348031375324354,0.000570048170629889,0.000717935618013144,0.000514920917339623,0.000325947708915919,0.000319217797368765,0.000550659140571952,0.000421389355324209,0.000212459097383544,0.000212785045732744,0.000167870384757407,0.000241564572206698,0.000454654276836663,0.00120376760605723,0.00072550104232505,0.000470729632070288,0.000724533165339381,0.00105935020837933,0.000181187919224612,0.00207493011839688,0.000962779391556978,0.000473116233479232,9.99967960524373e-05,0.00094261608319357,0.00127095205243677,0.000193864034372382,0.00235450477339327,0.00235373573377728,0.00224592280574143,0.00109122402500361,0.00234678876586258,0.00246833870187402,0.00130169105250388,0.000234434817684814,0.000274026620900258,0.000144476143759675,0.000231817233725451,0.000389234483009204,0.000639265694189817,0.000656403542961925,0.00055033853277564,0.000507651129737496,0.000598185462877154,0.000330603157635778,0.00109031423926353,0.00234745303168893,0.000937647011596709,0.00257852184586227,0.00224778219126165,0.000867740833200514,0.00244763772934675,0.000350788730429485,0.000480212067486718,0.000440630246885121,0.000822031812276691,6.96412462275475e-05,0.000530639372300357,0.000420394906541333,0.000166946731042117,0.000388450775062665,0.000598745071329176,0.00047516732593067,0.000474770262371749,0.000492720399051905,0.000757027475629002,0.000304615241475403,0.000156576541485265,0.000236395266256295,0.000214409257750958,0.00036731266300194,0.00075973552884534,0.000288278009975329,0.00107825954910368,0.000146748338011093,0.000537480867933482,0.000263971829554066,0.000403405487304553,0.00108682725112885,0.000203546733246185,0.000309217197354883,0.0013126953272149,0.000414777954574674,0.000320842082146555,0.00132224301341921,0.00105902529321611,8.27988624223508e-05,0.00141638529021293,0.000450607942184433,0.00140107201877981,0.000552608747966588,0.000266487273620442,0.000400671706302091,0.000892317621037364,0.000404329446610063,0.00017776909226086,0.000421040836954489,0.000415107439039275,0.000274837424512953,0.000326981244143099,0.000421004515374079,0.000114036192826461,0.000109216896817088,0.000248045806074515,0.000346704386174679,0.000684529135469347,0.000232656544540077,0.000438224786194041,0.000256591942161322,0.000257933250395581,0.000759740301873535,0.00038588879397139,0.000381259596906602,0.000338201905833557,0.000232791644521058,0.000196052307728678,0.000313442607875913,0.000269705313257873,0.000132050976390019,0.00049974414287135,0.000153357003000565,0.000477371679153293,0.000182508578291163,0.000156929760123603,0.000130859814817086,0.000332556490320712,0.000211282094824128,0.000202718816581182,0.00019807145872619,0.00016978605708573,0.000140944714075886,0.000145537953358144,0.000243796923314221,0.000130433050799184,0.000717943825293332,0.000194863285287283,0.00021979222947266,8.7673804955557e-05,0.000346953573171049,0.00020830579160247,0.000183675001608208,0.000208144643693231,0.000239307701122016,0.000217518376302905,0.00072239147266373,0.000141753276693635,0.000913747644517571,0.000551088945940137,0.000381525984266773,0.00016702470020391,0.000484014832181856,0.000364284351235256,7.28546438040212e-05,0.00110227160621434,0.000597157108131796,0.000385334627935663,0.000823281880002469,0.000331694580381736,0.000105427629023325,0.000279669649899006,0.000280744774499908,0.000260811124462634,0.000183087744517252,0.000269890675554052,0.00026002517552115,0.000248488591751084,0.000229861820116639,0.000311770127154887,0.000388918211683631,0.000297700898954645,0.000350720772985369,0.00016543128003832,0.000274334393907338,0.000217789347516373,0.000335050222929567,0.000362246035365388,0.000293198099825531,0.000367226806702092,0.000340544909704477,0.000141213298775256,0.000940687663387507,0.000506214739289135,0.00064376083901152,0.000244286027736962,0.000291259813820943,0.000342439889209345,0.000364794017514214,0.000477847905131057
0.319999992847443,120806.569448009,222177248.0,0.318751603364944,0.000165803241543472,0.000722080876585096,0.000645963358692825,0.00169410149101168,0.00125657964963466,0.000574654142837971,0.000626611290499568,0.000459994189441204,0.00071773020317778,7.62873169151135e-05,0.000235992454690859,0.00151101604569703,0.00124349072575569,0.000757116416934878,0.000156920301378705,0.000209420191822574,0.000533045327756554,0.00139222946017981,0.000251964695053175,0.000203260686248541,0.000357371638529003,0.00122344167903066,0.00149391556624323,0.00144232402089983,0.000630637165158987,0.000754988053813577,0.000163662640261464,0.000108689753687941,0.00018453317170497,0.000144692094181664,0.000127005681861192,9.69062457443215e-05,9.25188433029689e-05,0.000627193890977651,0.000396209681639448,0.000649569265078753,0.000818648550193757,0.000587305868975818,0.000371593952877447,0.000363860948709771,0.000629082671366632,0.000480715621961281,0.000241932502831332,0.000243653877987526,0.000187716272193938,0.000275715836323798,0.000523664406500757,0.00138182332739234,0.00083389860810712,0.000541899004019797,0.000826039409730583,0.00121002166997641,0.000208036450203508,0.00237001618370414,0.00110179709736258,0.000544247101061046,0.00010874086729018,0.00107912963721901,0.00145874952431768,0.000222825270611793,0.002684754319489,0.00268383487127721,0.00256196828559041,0.00124653871171176,0.0026761326007545,0.0028183963149786,0.00149389100261033,0.000268275907728821,0.000313163822283968,0.000163150776643306,0.000266096525592729,0.00044601020636037,0.00073060201248154,0.000750179751776159,0.000628102628979832,0.000579407438635826,0.00068222830304876,0.00037706844159402,0.00124508782755584,0.00267695519141853,0.00107334542553872,0.00294419401325285,0.00256313849240541,0.00099271594081074,0.00279144709929824,0.000399515498429537,0.000548237701877952,0.000502052076626569,0.000933777773752809,8.03357543190941e-05,0.000604596105404198,0.000477565976325423,0.00019625668937806,0.000443165248725563,0.000684651837218553,0.000541040906682611,0.000540225824806839,0.000561164109967649,0.000861680484376848,0.000346419255947694,0.000177206529770046,0.000269991753157228,0.000244245631620288,0.00041730358498171,0.000866524642333388,0.000326911831507459,0.0012282362440601,0.000167509409948252,0.000623977626673877,0.000298248516628519,0.000459947506897151,0.00123793701641262,0.00023214757675305,0.000354920048266649,0.00149980548303574,0.000472199928481132,0.000369099958334118,0.00150893290992826,0.00121201213914901,9.35059506446123e-05,0.00161258806474507,0.000513453269377351,0.00159541959874332,0.000631117436569184,0.000305267720250413,0.000456688838312402,0.00101376906968653,0.000461867777630687,0.000202977389562875,0.000480889924801886,0.00047395599540323,0.000312421470880508,0.000372157723177224,0.00047909579006955,0.000129151056171395,0.000121764234791044,0.000282636203337461,0.000394252128899097,0.000786438351497054,0.00026317746960558,0.000500050722621381,0.000292287877527997,0.000294731522444636,0.000865059380885214,0.000438415532698855,0.00043360298150219,0.000383422855520621,0.000264448375673965,0.000222657763515599,0.000353021925548092,0.000302977889077738,0.00015065522165969,0.000565564492717385,0.000173230626387522,0.000539748696610332,0.000206575612537563,0.000179159644176252,0.000148779814480804,0.000378414202714339,0.000239399028941989,0.000232033286010846,0.000224788760533556,0.000192523279110901,0.000159177710884251,0.000166281708516181,0.000277989776805043,0.000148090868606232,0.0008304716902785,0.00021686677064281,0.000252899975748733,9.89819964161143e-05,0.000393985799746588,0.000238024906138889,0.000210497048101388,0.000237876462051645,0.000270821299636737,0.000247831427259371,0.000829334196168929,0.000159842180437408,0.00103822047822177,0.000628489884547889,0.000435559952165931,0.000186886187293567,0.000555575883481652,0.000417319592088461,8.17715408629738e-05,0.00125687744002789,0.000682876328937709,0.000439520634245127,0.00094205979257822,0.000375932460883632,0.000120894779684022,0.000317751633701846,0.000319816928822547,0.000295772711979225,0.000208718192880042,0.00030675163725391,0.000297080929158255,0.000284070149064064,0.000262411864241585,0.000354899588273838,0.000443974160589278,0.000339571939548478,0.000399771990487352,0.000188121848623268,0.000311772339046001,0.0002479390532244,0.000382541766157374,0.000413765665143728,0.000332706375047565,0.000417787145124748,0.000387600302929059,0.000160679759574123,0.00107075227424502,0.000574746227357537,0.000732161512132734,0.000272384175332263,0.000330349314026535,0.000388187472708523,0.000414884387282655,0.00054204382468015
0.360000014305115,135907.596422598,249942768.0,0.357954502105713,0.000186197605216876,0.000820358924102038,0.000724748882930726,0.00189973332453519,0.00141034147236496,0.000646247703116387,0.000707872037310153,0.00051777227781713,0.000811795296613127,8.46422044560313e-05,0.000264828355284408,0.00170620402786881,0.00140468566678464,0.000850710202939808,0.000174203596543521,0.0002397626376478,0.000604180560912937,0.00157292315270752,0.000283066387055442,0.000228459481149912,0.000397940253606066,0.00138193415477872,0.00168750947341323,0.00162931834347546,0.000721679243724793,0.000862045504618436,0.000183456315426156,0.000124123049317859,0.000210021957173012,0.000160525611136109,0.000139643525471911,0.000107808693428524,0.000102984871773515,0.00070475140819326,0.000444030505605042,0.000728599377907813,0.000918890757020563,0.000659386219922453,0.000417021568864584,0.000408276275265962,0.000707424303982407,0.000539847940672189,0.000271298427833244,0.000274637452093884,0.000206695302040316,0.000309829280013219,0.000593629665672779,0.00156124145723879,0.000943367020227015,0.00061401043785736,0.000927040004171431,0.00136062514502555,0.000235203944612294,0.00266479514539242,0.00124121981207281,0.000616221746895462,0.000116251394501887,0.00121611577924341,0.00164794665761292,0.000252118275966495,0.00301359710283577,0.00301251816563308,0.00287694600410759,0.00140178750734776,0.00300410576164722,0.00316790444776416,0.00168746989220381,0.000302195257972926,0.000352295581251383,0.0001814799325075,0.000300654326565564,0.000503051560372114,0.000821917201392353,0.000843943969812244,0.000705654500052333,0.000650968519039452,0.000765919394325465,0.000423343561124057,0.00139971391763538,0.00300510064698756,0.00120952317956835,0.00330930016934872,0.00287716672755778,0.00111796741839498,0.00313394679687917,0.000447908270871267,0.000616118835750967,0.000563069654162973,0.00104413775261492,9.12528048502281e-05,0.000678084092214704,0.000534036138560623,0.00022707880998496,0.000497709726914763,0.00077062810305506,0.000606373941991478,0.000605059671215713,0.000629080808721483,0.000965400016866624,0.000387794832931831,0.000197456087335013,0.000303533422993496,0.00027387763839215,0.000466694735223427,0.000972861424088478,0.00036493458901532,0.00137719954364002,0.000188240184797905,0.000712526612915099,0.000331704039126635,0.00051615817938,0.00138800987042487,0.000260642293142155,0.000400991004426032,0.00168676429893821,0.000529265671502799,0.000417895207647234,0.00169506564270705,0.00136533810291439,0.000103943508293014,0.00180730444844812,0.000575952115468681,0.00178835971746594,0.000709491199813783,0.000344124244293198,0.000512391969095916,0.00113374378997833,0.00051933666691184,0.000228161748964339,0.000540619599632919,0.000532657431904227,0.000349599431501701,0.000416946189943701,0.00053663644939661,0.000143971323268488,0.00013360969023779,0.000316990539431572,0.000441302807303146,0.000889180460944772,0.000293063785647973,0.000561613065656275,0.000327742571244016,0.000331484159687534,0.000969503831584007,0.000490276492200792,0.000485390744870529,0.000427911203587428,0.000295701902359724,0.000248916097916663,0.000391360546927899,0.000335015327436849,0.000169182356330566,0.000629992282483727,0.000192635474377312,0.000600685889367014,0.000230170830036514,0.000201327784452587,0.000166527490364388,0.00042385866981931,0.000267030525719747,0.000261703185969964,0.00025123602245003,0.000214893429074436,0.000176977046066895,0.000187033088877797,0.0003119774046354,0.000165522666065954,0.000945047126151621,0.000237510917941108,0.000286353199044243,0.000110011511424091,0.000440367584815249,0.000267705210717395,0.000237426662351936,0.000267578900093213,0.000301670748740435,0.000277914805337787,0.000936998694669455,0.000177414622157812,0.00116120418533683,0.000705567130353302,0.000489471654873341,0.000205866293981671,0.00062756723491475,0.000470481347292662,9.03531254152767e-05,0.00141078163869679,0.000768676458392292,0.000493601022753865,0.00106108887121081,0.000419406685978174,0.000136425718665123,0.00035536423092708,0.000358603312633932,0.000330191454850137,0.000234234626987018,0.000343186024110764,0.000334074051352218,0.000319634680636227,0.00029487771098502,0.000397656491259113,0.000498886278364807,0.000381290825316682,0.000448579026851803,0.000210615355172195,0.000348807749105617,0.000277859624475241,0.000429918814916164,0.000465199642349035,0.000371650414308533,0.000467889010906219,0.000434271350968629,0.000179966969881207,0.00119976617861539,0.000642364728264511,0.000819703098386526,0.00029906930285506,0.00036884713335894,0.000433187175076455,0.000464484124677256,0.000605255831032991
0.400000005960464,151008.653328956,277701216.0,0.397017657756805,0.000206537588383071,0.000920098857022822,0.000803121016360819,0.00210406165570021,0.00156338652595878,0.000717582530342042,0.000789574754890054,0.000575430400203913,0.00090673059457913,9.28402587305754e-05,0.000293482793495059,0.00190256210044026,0.00156695093028247,0.000943915627431124,0.000190999810001813,0.000270982447545975,0.000676267489325255,0.00175491999834776,0.000314041215460747,0.000253627542406321,0.000437641807366163,0.00154146063141525,0.00188242283184081,0.00181758322287351,0.000815098755992949,0.000971583765931427,0.00020316282461863,0.000140304560773075,0.000236056133871898,0.000175893204868771,0.000151635787915438,0.000118456169730052,0.000113216410682071,0.00078212155494839,0.000491503393277526,0.000807141012046486,0.00101866165641695,0.000731160573195666,0.000462233962025493,0.000452467356808484,0.000785677810199559,0.000598792510572821,0.000300579646136612,0.000305735040456057,0.000224857867578976,0.000343915889970958,0.00066453026374802,0.00174196634907275,0.00105386669747531,0.000687048945110291,0.00102753564715385,0.00151119427755475,0.000262706307694316,0.00295927422121167,0.00138105894438922,0.000689025444444269,0.00012257658818271,0.00135357794351876,0.00183848780579865,0.000281748187262565,0.00334107363596559,0.00333982543088496,0.00319090206176043,0.00155699870083481,0.00333074363879859,0.00351688941009343,0.00188236415851861,0.000336188881192356,0.000391419744119048,0.00019950202840846,0.000335486634867266,0.000560349435545504,0.0009132040431723,0.000937692762818187,0.000782996299676597,0.000722334778402001,0.00084926065756008,0.000469428865471855,0.00155422557145357,0.00333192455582321,0.00134619558230042,0.0036738682538271,0.00318990275263786,0.00124350318219513,0.00347518688067794,0.000495972170028836,0.000683856953401119,0.000623676343820989,0.00115312484558672,0.000102395759313367,0.00075110699981451,0.00058981467736885,0.00025943765649572,0.000552090583369136,0.000856666883919388,0.00067115924321115,0.00066926731960848,0.000696462288033217,0.00106817553751171,0.0004287448246032,0.000217341061215848,0.000337016768753529,0.000303304055705667,0.000515494728460908,0.00107874267268926,0.00040235641063191,0.00152515445370227,0.000208948564250022,0.000803011760581285,0.000364352279575542,0.000572024087887257,0.00153705081902444,0.000289035320747644,0.000447422731667757,0.00187355687376112,0.000586005218792707,0.000467204634333029,0.00188063690438867,0.00151897256728262,0.000114116424811073,0.00200055004097521,0.00063811446307227,0.00197990704327822,0.000787721073720604,0.000383027159841731,0.000567778712138534,0.00125225249212235,0.000576730584725738,0.000253327219979838,0.000600218772888184,0.000591203803196549,0.000386378756957129,0.000461349118268117,0.000593620527070016,0.000158498485689051,0.000144775316584855,0.000351102178683504,0.000487858982523903,0.000992696965113282,0.000322331703500822,0.000622895313426852,0.000362956343451515,0.000368180801160634,0.00107306009158492,0.000541471585165709,0.000536619802005589,0.000471682520583272,0.000326552923070267,0.000274829944828525,0.000428481929702684,0.000365846964996308,0.000187629135325551,0.000693034206051379,0.000211586142540909,0.000660195073578507,0.000253305508522317,0.000223429742618464,0.000184108706889674,0.000468891550553963,0.000294187862891704,0.000291806121822447,0.000277455459581688,0.000236902036704123,0.000194358537555672,0.000207800709176809,0.000345747248502448,0.00018273523892276,0.00106153800152242,0.000256832310697064,0.000320125313010067,0.000120771044748835,0.000486098375404254,0.00029733995324932,0.000264453672571108,0.000297245336696506,0.000331861403537914,0.000307758251437917,0.00104532344266772,0.00019448071543593,0.00128270871937275,0.000782322429586202,0.000543258793186396,0.000224005401832983,0.000699938274919987,0.000523734663147479,9.86121012829244e-05,0.00156398734543473,0.000854550744406879,0.000547604344319552,0.001180354738608,0.00046212793677114,0.000152007909491658,0.000392508518416435,0.000397096417145804,0.000364079489372671,0.000259642081800848,0.00037919485475868,0.000370992667740211,0.000355170486727729,0.00032725470373407,0.00044003629591316,0.000553649326320738,0.000422861136030406,0.000497147906571627,0.000232925798627548,0.000385453255148605,0.000307555368635803,0.000477175257401541,0.000516539381351322,0.000410041684517637,0.000517539156135172,0.000480563816381618,0.000199074347619899,0.00132774235680699,0.00070908508496359,0.00090639921836555,0.000324442313285545,0.000406767183449119,0.000477455818327144,0.000513599952682853,0.000667499261908233
0.439999997615814,166109.782032583,305451104.0,0.435942023992538,0.00022682873532176,0.00102121464442462,0.000881085288710892,0.00230710324831307,0.00171571865212172,0.000788609671872109,0.000871665368322283,0.000632924376986921,0.00100250705145299,0.000100912286143284,0.000321948376949877,0.00210001925006509,0.00173022272065282,0.00103669730015099,0.000207319957553409,0.000303059670841321,0.000749289756640792,0.00193816469982266,0.000344879576005042,0.00027876760577783,0.000476493412861601,0.00170196034014225,0.00207859254442155,0.00200705253519118,0.000910795701202005,0.00108350452501327,0.000222800750634633,0.000157323622261174,0.000262630201177672,0.000190806822502054,0.00016300608695019,0.000128853993373923,0.000123217512737028,0.000859306426718831,0.000538638036232442,0.000885198707692325,0.00111796136479825,0.000802628172095865,0.000507234770338982,0.000496437831316143,0.000863837427459657,0.000657555239740759,0.000329794973367825,0.000336945900926366,0.000242252135649323,0.000377984717488289,0.000736346817575395,0.00192394282203168,0.00116535765118897,0.000760999217163771,0.00112752697896212,0.00166176317725331,0.000290557014523074,0.00325345993041992,0.00152132613584399,0.000762642885092646,0.000127764855278656,0.00149152125231922,0.00203031743876636,0.000311720505123958,0.00366722303442657,0.0036657964810729,0.00350388255901635,0.00171219871845096,0.00365608255378902,0.00386537471786141,0.00207851221784949,0.000370252644643188,0.000430533924372867,0.000217252047150396,0.000370589375961572,0.000617894576862454,0.00100445467978716,0.00103142228908837,0.00086013093823567,0.000793506973423064,0.000932254362851381,0.000515325053129345,0.00170865666586906,0.0036574627738446,0.00148337613791227,0.00403792783617973,0.00350138521753252,0.00136933149769902,0.00381521740928292,0.000543712405487895,0.000751454150304198,0.000683865859173238,0.0012607523240149,0.00011376578186173,0.000823670474346727,0.000644911488052458,0.000293350400170311,0.000606313464231789,0.000942760962061584,0.000735391105990857,0.000732846208848059,0.000763302086852491,0.00116999924648553,0.00046927243238315,0.000236877254792489,0.000370438327081501,0.000332523602992296,0.000563712790608406,0.00118416652549058,0.000439187657320872,0.0016721076099202,0.000229642610065639,0.000895320612471551,0.000396207411540672,0.000627533881925046,0.00168506673071533,0.000317331025144085,0.000494207022711635,0.00206016888841987,0.000642446742858738,0.000517005275469273,0.00206564203836024,0.00167288479860872,0.000124029829748906,0.0021923400927335,0.000699949450790882,0.00217007519677281,0.000865798036102206,0.000421948469011113,0.000622846418991685,0.00136930670123547,0.000634043826721609,0.000278477731626481,0.000659677607472986,0.00064958818256855,0.000422767450800166,0.000505369855090976,0.000650043599307537,0.000172734609805048,0.000155283429194242,0.000384965242119506,0.000533924321644008,0.0010969324503094,0.000350997346686199,0.00068388320505619,0.000397929456084967,0.000404811376938596,0.00117571686860174,0.000592002412304282,0.00058728875592351,0.000514752871822566,0.000357002601958811,0.000300402258289978,0.000464410433778539,0.000395502807805315,0.000205992546398193,0.000754699518438429,0.000230097255553119,0.000718290102668107,0.000275991042144597,0.000245461415033787,0.0002015286590904,0.00051351502770558,0.000320882449159399,0.000322412321111187,0.000303489418001845,0.000258554966421798,0.000211338134249672,0.000228593606152572,0.000379287434043363,0.000199735441128723,0.00117981783114374,0.000274868361884728,0.000354190415237099,0.000131269101984799,0.000531179597601295,0.00032692332752049,0.000291568750981241,0.000326870183926076,0.000361400045221671,0.000337352568749338,0.00115425023250282,0.000211051039514132,0.00140274444129318,0.000858756946399808,0.000596918922383338,0.000241343994275667,0.000772640807554126,0.000577046710532159,0.000106561004940886,0.00171649758704007,0.000940493075177073,0.00060155603569001,0.00129984284285456,0.000504107738379389,0.00016762905579526,0.000429186184192076,0.000435289082815871,0.00039744918467477,0.000284945504972711,0.000414779962738976,0.000407825165893883,0.000390666333260015,0.000359538156772032,0.000482035451568663,0.000608258007559925,0.00046428621863015,0.000545484537724406,0.000255067483521998,0.000421721342718229,0.000337030418450013,0.000524305098224431,0.000567776267416775,0.00044789191451855,0.000566744711250067,0.00052648363634944,0.000218001223402098,0.00145469384733588,0.000774923246353865,0.000992263783700764,0.000348605623003095,0.000444123608758673,0.000521010544616729,0.000562238623388112,0.000728790764696896
0.479999989271164,181210.956979067,333190688.0,0.474728584289551,0.000247076444793493,0.00112362415529788,0.000958646822255105,0.0025088747497648,0.00186734169255942,0.000859284133184701,0.000954092480242252,0.000690213521011174,0.00109909533057362,0.000108886008092668,0.000350218382664025,0.00229850527830422,0.00189443852286786,0.00112902338150889,0.000223175447899848,0.000335974560584873,0.000823230890091509,0.00212260219268501,0.000375572737539187,0.00030388159211725,0.000514513056259602,0.00186337251216173,0.00227595632895827,0.00219766004011035,0.0010086715919897,0.00119771074969321,0.000242388574406505,0.000175249020685442,0.000289736577542499,0.000205278629437089,0.00017377820040565,0.000139007694087923,0.000132992587168701,0.0009363082353957,0.000585443747695535,0.000962778634857386,0.0012167904060334,0.000873788143508136,0.000552027253434062,0.000540191191248596,0.000941897393204272,0.000716141425073147,0.000358959747245535,0.000368269742466509,0.000258924148511142,0.00041204338776879,0.000809060467872769,0.00210711522959173,0.00127780041657388,0.00083584594540298,0.00122701574582607,0.00181236560456455,0.000318767706630751,0.00354735786095262,0.00166203361004591,0.000837059458717704,0.000131865672301501,0.00162994966376573,0.00222337921150029,0.000342041224939749,0.00399208581075072,0.00399047089740634,0.00381593429483473,0.00186741724610329,0.00398015789687634,0.00421338295564055,0.00227584992535412,0.000404382270062342,0.000469635240733624,0.000234761842875741,0.000405958824558184,0.000675677845720202,0.00109566212631762,0.00112512917257845,0.000937061849981546,0.000864485977217555,0.00101490342058241,0.000561032618861645,0.00186304037924856,0.00398175045847893,0.00162107916548848,0.00440150266513228,0.00381165067665279,0.00149546086322516,0.00415408844128251,0.00059113436145708,0.000818912987597287,0.000743631855584681,0.00136703252792358,0.000125362101243809,0.000895781617145985,0.00069933693157509,0.000328827067278326,0.000660383200738579,0.00102890364360064,0.000799065630417317,0.000795795174781233,0.00082959549035877,0.0012708657886833,0.000509381876327097,0.000256080995313823,0.000403794896556064,0.000361535290721804,0.000611358147580177,0.00128913077060133,0.00047543877735734,0.0018180669285357,0.000250330689596012,0.000989345251582563,0.000427283812314272,0.000682678481098264,0.00183206505607814,0.000345533480867743,0.000541334913577884,0.00224658660590649,0.00069861626252532,0.000567274633795023,0.002250075340271,0.00182704266626388,0.000133689143694937,0.00238269055262208,0.000761465227697045,0.00235887756571174,0.000943713006563485,0.00046086183283478,0.000677592877764255,0.00148491736035794,0.00069127039751038,0.000303616194287315,0.00071898743044585,0.000707804574631155,0.000458774506114423,0.000549012736883014,0.000705903512425721,0.00018668215489015,0.00016515635070391,0.000418574258219451,0.000579503481276333,0.00120183418039232,0.000379077275283635,0.000744564109481871,0.00043266246211715,0.000441365991719067,0.00127746630460024,0.000641871942207217,0.000637397519312799,0.000557138409931213,0.000387052510632202,0.000325636356137693,0.000499171204864979,0.000424012920120731,0.000224269810132682,0.0008149987552315,0.000248183554504067,0.000774985994212329,0.00029823905788362,0.000267418625298887,0.000218791858060285,0.000557731953449547,0.000347125780535862,0.000353584822732955,0.000329380680341274,0.000279858417343348,0.000227932003326714,0.000249421427724883,0.000412587367463857,0.000216530301258899,0.00129976659081876,0.000291657022899017,0.000388523301808164,0.000141514072311111,0.000575613928958774,0.000356450356775895,0.000318763428367674,0.000356448639649898,0.000390294095268473,0.000366689520888031,0.00126372475642711,0.000227136624744162,0.00152132182847708,0.00093487196136266,0.000650449423119426,0.000257922685705125,0.000845629838295281,0.000630386814009398,0.000114212212793063,0.00186831480823457,0.00102649733889848,0.000655478448607028,0.00141953839920461,0.000545358168892562,0.000183276977622882,0.000465399236418307,0.000473174586659297,0.000430313171818852,0.000310149480355904,0.000449943327112123,0.000444560340838507,0.000426111248089001,0.000391723035136238,0.000523651135154068,0.000662707665469497,0.000505569332744926,0.000593594275414944,0.000277054932666942,0.000457624555565417,0.000366288964869455,0.000571302836760879,0.000618902558926493,0.000485213007777929,0.000615512719377875,0.000572036835364997,0.000236746986047365,0.00158063450362533,0.000839895859826356,0.00107731204479933,0.000371662579709664,0.000480930379126221,0.000563868728931993,0.000610407325439155,0.000789147627074271
0.519999980926514,196312.192605923,360918400.0,0.513378262519836,0.000267285911832005,0.00122724857646972,0.00103580998256803,0.00270939059555531,0.00201825820840895,0.000929564936086535,0.00103680789470673,0.000747260579373688,0.00119646696839482,0.000116785129648633,0.00037828684435226,0.00249795033596456,0.00205953558906913,0.0012208652915433,0.000238577864365652,0.000369708141079172,0.000898074533324689,0.00230817729607224,0.000406112434575334,0.000328970927512273,0.000551719160284847,0.0020256363786757,0.00247445097193122,0.00238933879882097,0.00110863067675382,0.00131410825997591,0.000261944602243602,0.000194125779671595,0.000317365833325312,0.000219320878386497,0.000183975804247893,0.000148923048982397,0.000142546152346767,0.00101312983315438,0.000631929899100214,0.0010398889426142,0.00131514936219901,0.000944641185924411,0.000596614670939744,0.00058373057981953,0.0010198523523286,0.000774555956013501,0.000388086657039821,0.000399706506868824,0.00027491757646203,0.000446098216343671,0.000882652879226953,0.00229142769239843,0.00139115599449724,0.000911573763005435,0.00132600404322147,0.00196303660050035,0.000347348744980991,0.00384097476489842,0.00180319347418845,0.000912260205950588,0.000134930844069459,0.00176886934787035,0.00241761654615402,0.000372716953279451,0.00431569898501039,0.00431388802826405,0.00412710476666689,0.00202268199063838,0.00430300505831838,0.00456093437969685,0.00247431523166597,0.0004385732463561,0.000508720870129764,0.000252060446655378,0.000441591197159141,0.000733690627384931,0.00118681928142905,0.00121880986262113,0.00101379223633558,0.000935273594222963,0.00109721068292856,0.000606552173849195,0.00201741070486605,0.00430482299998403,0.00175932003185153,0.00476461974903941,0.00412073638290167,0.00162190035916865,0.0044918479397893,0.000638243509456515,0.000886236259248108,0.000802968454081565,0.00147197861224413,0.000137182549224235,0.000967448984738439,0.000753101659938693,0.000365871092071757,0.00071430450771004,0.00111508800182492,0.000862180313561112,0.000858114333823323,0.000895338947884738,0.00137077225372195,0.000549077871255577,0.000274969090241939,0.000437083042925224,0.000390338012948632,0.000658440520055592,0.00139363436028361,0.000511120539158583,0.00196304148994386,0.000271021272055805,0.00108498288318515,0.000457595771877095,0.000737449910957366,0.00197805510833859,0.000373647024389356,0.000588796916417778,0.00243279710412025,0.000754538457840681,0.000617990037426353,0.00243393122218549,0.00198141485452652,0.000143099940032698,0.00257161469198763,0.000822669477201998,0.00254632672294974,0.00102145690470934,0.000499742687679827,0.000732015410903841,0.00159909506328404,0.000748403777834028,0.000328744557918981,0.000778140325564891,0.000765847798902541,0.000494409061502665,0.000592282856814563,0.000761199393309653,0.000200344060431235,0.000174416301888414,0.000451924279332161,0.000624601554591209,0.00130735221318901,0.000406587816542014,0.00080492754932493,0.000467155798105523,0.000477835041237995,0.00137830222956836,0.000691084249410778,0.000686947198119015,0.000598855491261929,0.000416704802773893,0.000350535992765799,0.000532789796125144,0.000451407715445384,0.000242458350840025,0.000873944314662367,0.000265859678620473,0.000830299977678806,0.000320061109960079,0.000289297488052398,0.000235902072745375,0.00060154520906508,0.000372929178411141,0.000385379273211583,0.000355172029230744,0.000300818646792322,0.000244156282860786,0.000270294345682487,0.000445637240773067,0.000233126804232597,0.00142127019353211,0.000307236507069319,0.000423099438194185,0.000151514148456044,0.000619405240286142,0.000385916908271611,0.000346029904903844,0.000385976891266182,0.000418552226619795,0.000395761773688719,0.00137369590811431,0.000242748719756491,0.00163845124188811,0.00101066823117435,0.000703847268596292,0.0002737820323091,0.000918862817343324,0.000683726277202368,0.000121577853860799,0.00201944005675614,0.00111255771480501,0.000709391257259995,0.00153942685574293,0.000585891888476908,0.000198939756955951,0.000501150090713054,0.000510746787767857,0.00046268422738649,0.000335258402628824,0.000484687625430524,0.000481187569675967,0.00046149457921274,0.000423804274760187,0.000564880960155278,0.000716993235982955,0.000546713417861611,0.00064148276578635,0.000298902945360169,0.000493175408337265,0.000395335431676358,0.000618163030594587,0.000669909990392625,0.000522016547620296,0.000663850572891533,0.000617229263298213,0.00025531102437526,0.00170557806268334,0.000904020271264017,0.00116155878640711,0.000393717607948929,0.000517201493494213,0.000606047629844397,0.00065811350941658,0.000848587893415242
0.560000002384186,211413.481930857,388632576.0,0.551892101764679,0.000287462142296135,0.00133201363496482,0.0011125790188089,0.00290866591967642,0.00216847052797675,0.000999415293335915,0.00111976626794785,0.000804031733423471,0.00129459355957806,0.000124628510093316,0.000406148639740422,0.00269828480668366,0.00222545233555138,0.00131219776812941,0.000253538892138749,0.000404242106014863,0.000973804679233581,0.00249483389779925,0.000436491274740547,0.000354036194039509,0.000588130729738623,0.00218869256787002,0.00267401407472789,0.00258202338591218,0.00121057906653732,0.00143260543700308,0.000281486776657403,0.00021397574164439,0.00034550714190118,0.000232945996685885,0.000193622472579591,0.000158605893375352,0.000151883024955168,0.00108977442141622,0.000678105745464563,0.00111653888598084,0.00141304009594023,0.00101518724113703,0.000641000049654394,0.000627059082034975,0.00109769694972783,0.000832803139928728,0.000417185859987512,0.000431256310548633,0.000290274067083374,0.000480154500110075,0.000957106472924352,0.00247682514600456,0.00150538503658026,0.000988167710602283,0.00142449408303946,0.00211381097324193,0.000376309471903369,0.00413431460037827,0.001944818533957,0.000988230807706714,0.000137016046210192,0.00190828694030643,0.00261297356337309,0.000403755082516,0.00463810050860047,0.00463608512654901,0.00443744193762541,0.00217802310362458,0.00462466012686491,0.00490804901346564,0.0026738450396806,0.0004728211206384,0.000547787407413125,0.000269174226559699,0.000477483146823943,0.000791924074292183,0.00127791869454086,0.00131246156524867,0.00109032657928765,0.00100587098859251,0.00117917940951884,0.000651884300168604,0.00217180163599551,0.00462671462446451,0.00189811398740858,0.00512729911133647,0.00442867772653699,0.00174865929875523,0.00482854619622231,0.000685045321006328,0.000953427166678011,0.000861869775690138,0.00157560326624662,0.000149223647895269,0.00103868253063411,0.000806217023637146,0.00040447962237522,0.000768081343267113,0.00120130740106106,0.000924733642023057,0.000919805199373513,0.00096053013112396,0.00146971805952489,0.00058836565585807,0.000293559278361499,0.00047029965207912,0.000418930896557868,0.000704969628714025,0.00149767671246082,0.000546243623830378,0.00210704049095511,0.00029172288486734,0.00118213437963277,0.000487157725729048,0.00079184235073626,0.0021230464335531,0.000401675584726036,0.000636583019513637,0.00261878781020641,0.000810235855169594,0.000669129600282758,0.00261720269918442,0.0021359680686146,0.00015226798132062,0.00275912717916071,0.00088356900960207,0.00273243617266417,0.00109902035910636,0.00053856783779338,0.000786111457273364,0.00171185075305402,0.000805437273811549,0.000353863870259374,0.000837129598949105,0.000823713431600481,0.000529680750332773,0.000635185861028731,0.000815931707620621,0.000213723527849652,0.000183085241587833,0.000485010765260085,0.000669224304147065,0.00141343986615539,0.000433545239502564,0.000864964094944298,0.000501409987919033,0.000514209212269634,0.00147822161670774,0.000739644514396787,0.000735939771402627,0.000639920472167432,0.000445961632067338,0.000375104951672256,0.00056529208086431,0.000477717519970611,0.000260555767454207,0.000931549700908363,0.000283140136161819,0.00088424957357347,0.000341468752594665,0.000311094103381038,0.000252862460911274,0.000644958403427154,0.000398304109694436,0.000417844217736274,0.000380906887585297,0.000321442174026743,0.000260026921750978,0.000291222822852433,0.000478428060887381,0.000249531993176788,0.0015442204894498,0.00032164526055567,0.000457895162981004,0.00016127731942106,0.000662558421026915,0.000415319547755644,0.000373361108358949,0.000415451650042087,0.000446183694293723,0.000424562895204872,0.00148411537520587,0.000257898733252659,0.00175414280965924,0.00108614575583488,0.000757109315600246,0.00028896241565235,0.000992299639619887,0.000737038441002369,0.000128669707919471,0.00216987496241927,0.00119866849854589,0.000763311167247593,0.00165949354413897,0.000625721702817827,0.000214605723158456,0.000536441395524889,0.000547999865375459,0.000494575477205217,0.000360276637366042,0.000519015709869564,0.00051769643323496,0.000496805994771421,0.00045577681157738,0.000605722947511822,0.000771110528148711,0.000587721413467079,0.000689155131112784,0.000320626422762871,0.000528386211954057,0.000424173747887835,0.000664880441036075,0.000720790994819254,0.000558314495719969,0.000711765431333333,0.000662067090161145,0.000273692654445767,0.0018295394256711,0.000967313826549798,0.00124501949176192,0.000414875423302874,0.000552950717974454,0.000647564418613911,0.00070536439307034,0.000907130597624928
0.600000023841858,226514.799877469,416331456.0,0.590271055698395,0.000307610025629401,0.00143784820102155,0.00118895736522973,0.00310671469196677,0.002317980164662,0.00106880103703588,0.00120292487554252,0.000860495783854276,0.00139344704803079,0.000132430213852786,0.000433799286838621,0.00289943953976035,0.00239212671294808,0.0014029978774488,0.000268070289166644,0.0004395590221975,0.0010504056699574,0.00268251728266478,0.000466702331323177,0.000379077566321939,0.000623766740318388,0.00235248147509992,0.00287458230741322,0.00277564907446504,0.00131442619021982,0.00155311345588416,0.000301032792776823,0.000234800812904723,0.000374148425180465,0.00024616636801511,0.000202741430257447,0.000168062106240541,0.000161008021677844,0.00116624543443322,0.00072398001793772,0.00119273900054395,0.0015104643534869,0.00108542735688388,0.000685186590999365,0.000670179608277977,0.00117542629595846,0.000890886934939772,0.000446265446953475,0.000462919881101698,0.000305032968753949,0.00051421660464257,0.00103240413591266,0.0026632531080395,0.00162044959142804,0.00106561335269362,0.00152248877566308,0.00226472457870841,0.000405658734962344,0.00442738318815827,0.00208692229352891,0.00106495758518577,0.000138183080707677,0.00204820930957794,0.00280939298681915,0.000435163819929585,0.00495932903140783,0.00495709991082549,0.00474699353799224,0.00233347062021494,0.00494515663012862,0.0052547468803823,0.00287437718361616,0.000507121381815523,0.000586831592954695,0.000286127295112237,0.000513631326612085,0.000850369746331125,0.00136895314790308,0.00140608008950949,0.00116666895337403,0.00107628013938665,0.00126081274356693,0.000697029638104141,0.00232624751515687,0.00494745932519436,0.00203747651539743,0.00548956403508782,0.00473551312461495,0.00187574874144047,0.0051642288453877,0.000731545209418982,0.00102048937696964,0.00092033005785197,0.00167791789863259,0.00016148091526702,0.0011094935471192,0.0008586939657107,0.000444644101662561,0.000821717083454132,0.00128755567129701,0.000986725324764848,0.000980870332568884,0.00102516822516918,0.00156770413741469,0.000627250876277685,0.00031187036074698,0.000503441377077252,0.000447312922915444,0.000750955485273153,0.00160125677939504,0.000580818741582334,0.00225007510744035,0.000312444288283587,0.00128070556093007,0.000515984022058547,0.000845850969199091,0.00226704915985465,0.000429623032687232,0.000684682745486498,0.00280454731546342,0.000865729467477649,0.000720671727322042,0.00279988232068717,0.00229067006148398,0.000161199073772877,0.00294524198397994,0.000944169703871012,0.00291721615940332,0.00117639440577477,0.000577315746340901,0.00083987828111276,0.00182319479063153,0.000862363493070006,0.000378974305931479,0.000895949022378772,0.000881397631019354,0.00056459940969944,0.000677727803122252,0.000870102318003774,0.000226824078708887,0.000191184881259687,0.000517829554155469,0.000713377899955958,0.00152005255222321,0.000459965813206509,0.000924666703213006,0.000535425439011306,0.000550479453522712,0.00157722248695791,0.000787558616138995,0.000784378906246275,0.000680349243339151,0.000474825734272599,0.000399347336497158,0.000596704368945211,0.000502972572576255,0.00027855989173986,0.000987829291261733,0.000300039217108861,0.000936853757593781,0.000362473365385085,0.000332804804202169,0.000269675452727824,0.000687975261826068,0.000423261721152812,0.000451021769549698,0.000406628649216145,0.00034173543099314,0.000275559694273397,0.000312217889586464,0.00051095150411129,0.000265752809355035,0.00166851538233459,0.000334921845933422,0.000492887571454048,0.000170811297721229,0.000705079641193151,0.000444655597675592,0.000400750752305612,0.000444870413048193,0.000473198073450476,0.000453087239293382,0.00159493915271014,0.000272598234005272,0.00186840677633882,0.00116130488459021,0.000810232129879296,0.000303504319163039,0.001065902877599,0.000790298508945853,0.000135499401949346,0.00231961999088526,0.00128482445143163,0.00081725261406973,0.001779725542292,0.000664860766846687,0.000230263365665451,0.000571276061236858,0.000584928318858147,0.000525999697856605,0.00038520825910382,0.000552930519916117,0.000554076919797808,0.000532035483047366,0.000487635174067691,0.000646175700239837,0.000825054536107928,0.000628595822490752,0.000736616377253085,0.000342240411555395,0.000563269131816924,0.000452808191766962,0.000711450236849487,0.000771538121625781,0.000594118202570826,0.000759264570660889,0.000706556136719882,0.000291891163215041,0.00195253256242722,0.00102979491930455,0.00132770952768624,0.000435240741353482,0.000588191556744277,0.000688436033669859,0.000752167543396354,0.000964794307947159
0.639999985694885,241616.204507786,444013376.0,0.628516018390656,0.000327734160237014,0.00154468428809196,0.00126494793221354,0.00330354948528111,0.00246678828261793,0.00113769259769469,0.00128624367062002,0.000916625082027167,0.00149300019256771,0.000140199728775769,0.000461234769318253,0.00310134561732411,0.00255949818529189,0.00149324641097337,0.000282183638773859,0.000475642475066707,0.00112786260433495,0.00287117133848369,0.000496739346999675,0.000404094666009769,0.000658646691590548,0.00251694465987384,0.00307609490118921,0.00297014927491546,0.00142008403781801,0.00167554605286568,0.000320599938277155,0.00025658740196377,0.000403276586439461,0.000258994230534881,0.000211355625651777,0.000177297726622783,0.000169926177477464,0.00124254706315696,0.000769561273045838,0.00126850116066635,0.00160742411389947,0.00115536258090287,0.000729177088942379,0.000713094894308597,0.00125303503591567,0.000948810600675642,0.000475332082714885,0.000494698295369744,0.000319231679895893,0.000548288109712303,0.00110853009391576,0.00285065523348749,0.00173631135839969,0.00114389648661017,0.00161999114789069,0.00241581373848021,0.000435405148891732,0.00472018448635936,0.00222951848991215,0.00114242674317211,0.000138502757181413,0.00218864530324936,0.00300681870430708,0.00046695230412297,0.00527942040935159,0.00527697103098035,0.00505580706521869,0.00248905480839312,0.00526452856138349,0.0056010470725596,0.00307584903202951,0.000541469315066934,0.000625849876087159,0.000302941567497328,0.000550032767932862,0.00090901943622157,0.00145991565659642,0.00149966275785118,0.00124282389879227,0.00114650325849652,0.00134211406111717,0.000741988536901772,0.00248078349977732,0.00526709016412497,0.00217742519453168,0.0058514354750514,0.00504127657040954,0.00200317893177271,0.00549894385039806,0.000777748471591622,0.00108742632437497,0.000978343654423952,0.00177893484942615,0.000173948996234685,0.00117989396676421,0.000910544127691537,0.000486350851133466,0.000875214522238821,0.00137382617685944,0.00104815617669374,0.0010413124691695,0.00108925288077444,0.00166473269928247,0.000665739411488175,0.000329922419041395,0.000536505423951894,0.000475483189802617,0.000796407635789365,0.00170437549240887,0.000614856544416398,0.00239215581677854,0.000333194126142189,0.00138060678727925,0.000544088718015701,0.000899472448509187,0.00241007539443672,0.000457493180874735,0.000733085093088448,0.0029900639783591,0.000921038561500609,0.000772595405578613,0.00298196147195995,0.00244548730552197,0.000169899067259394,0.00312997167930007,0.00100447714794427,0.00310067995451391,0.0012535696150735,0.000615966564510018,0.000893312913831323,0.00193313765339553,0.000919175043236464,0.000404075311962515,0.000954593240749091,0.000938897195737809,0.000599175051320344,0.000719915318768471,0.000923714193049818,0.000239649511058815,0.000198736597667448,0.000550376775208861,0.00075706944335252,0.00162714871112257,0.000485865457449108,0.000984028331004083,0.000569202704355121,0.000586636597290635,0.0016753050731495,0.00083483342314139,0.000832268036901951,0.000720158102922142,0.000503299757838249,0.00042326733819209,0.000627052679192275,0.000527202733792365,0.000296468671876937,0.00104279897641391,0.000316570920404047,0.000988132203929126,0.000383086182409897,0.000354425923433155,0.000286342925392091,0.000730599393136799,0.000447813101345673,0.000484948192024603,0.000432381319114938,0.000361704907845706,0.000290769938146695,0.000333290634443983,0.000543200294487178,0.000281796004856005,0.00179405824746937,0.000347104476531968,0.000528054719325155,0.000180123577592894,0.000746975594665855,0.000473922787932679,0.000428192899562418,0.000474231201224029,0.000499605783261359,0.000481329945614561,0.00170612509828061,0.000286858732579276,0.00198125233873725,0.00123614515177906,0.000863211986143142,0.0003174479061272,0.00113963731564581,0.000843483430799097,0.000142078002681956,0.00246867467649281,0.00137101986911148,0.000871227646712214,0.00190010806545615,0.000703322526533157,0.000245901523157954,0.000605657289270312,0.000621527025941759,0.00055697001516819,0.00041005719685927,0.000586435431614518,0.000590319163165987,0.00056717311963439,0.000519374094437808,0.000686237879563123,0.000878821068909019,0.000669339147862047,0.00078387139365077,0.000363760133041069,0.000597836216911674,0.000481242866953835,0.000757867295760661,0.000822144094854593,0.000629438902251422,0.000806355208624154,0.00075070234015584,0.000309905881294981,0.00207457225769758,0.00109148165211082,0.00140964391175658,0.000454917899332941,0.000622937164735049,0.000728679297026247,0.000798530178144574,0.001021598582156
0.680000007152557,256717.664683946,471676512.0,0.666628003120422,0.000347839144524187,0.00165245833341032,0.00134055351372808,0.00349918333813548,0.00261489511467516,0.0012060625012964,0.0013696855166927,0.000972394365817308,0.00159322563558817,0.000147942671901546,0.000488451740238816,0.00330393668264151,0.00272750621661544,0.0015829250914976,0.000295890669804066,0.000512477185111493,0.0012061606394127,0.00306074181571603,0.000526596617419273,0.000429086561780423,0.000692789733875543,0.00268202344886959,0.00327848875895143,0.00316545949317515,0.00152746797539294,0.00179982022382319,0.000340204947860911,0.000279310886980966,0.000432877917774022,0.000271441793302074,0.000219487570575438,0.000186318677151576,0.000178642454557121,0.00131868326570839,0.000814857718069106,0.00134383805561811,0.00170392135623842,0.0012249939609319,0.00077297433745116,0.000755807501263916,0.00133051886223257,0.00100657751318067,0.000504390976857394,0.00052659324137494,0.000332905328832567,0.000582372129429132,0.0011854690965265,0.00303897727280855,0.00185293355025351,0.00122300372458994,0.0017170044593513,0.00256711593829095,0.000465557386633009,0.00501272268593311,0.00237262225709856,0.00122062547598034,0.000138058821903542,0.00232960353605449,0.00320519390515983,0.00049913051771,0.00559841003268957,0.00559573248028755,0.00536393281072378,0.00264480826444924,0.00558281037956476,0.00594696355983615,0.00327819865196943,0.000575860554818064,0.000664838531520218,0.000319637241773307,0.00058668467681855,0.000967865227721632,0.00155079877004027,0.0015932060778141,0.00131879630498588,0.00121654209215194,0.00142308697104454,0.000786761636845767,0.00263544474728405,0.00558564113453031,0.00231797713786364,0.0062129320576787,0.00534600298851728,0.00213096314109862,0.00583273824304342,0.000823660171590745,0.00115424208343029,0.00103590486105531,0.00187866506166756,0.000186621968168765,0.00124989694450051,0.000961778743658215,0.000529581739101559,0.000928576570004225,0.00146011239849031,0.00110902788583189,0.00110113620758057,0.0011527850292623,0.00176080805249512,0.00070383760612458,0.000347737426636741,0.000569488445762545,0.00050344062037766,0.000841336266603321,0.00180703250225633,0.000648367393296212,0.00253329449333251,0.000353981158696115,0.0014817527262494,0.000571485725231469,0.000952704343944788,0.00255213584750891,0.000485289696371183,0.000781778944656253,0.00317532755434513,0.000976180599536747,0.000824879738502204,0.00316343223676085,0.0026003869716078,0.000178373913513497,0.00331332930363715,0.0010644958820194,0.00328283687122166,0.00133053690660745,0.000654501665849239,0.000946412328630686,0.00204168912023306,0.000975864008069038,0.000429165607783943,0.00101305765565485,0.000996209448203444,0.000633417919743806,0.000761755160056055,0.000976770767010748,0.000252203841228038,0.000205761127290316,0.000582648906856775,0.000800305570010096,0.00173468876164407,0.00051125988829881,0.00104304414708167,0.000602742016781121,0.000622671970631927,0.00177247077226639,0.000881476211361587,0.000879611936397851,0.000759362417738885,0.000531386700458825,0.000446869322331622,0.000656363205052912,0.000550437544006854,0.000314280187012628,0.00109647470526397,0.000332748924847692,0.00103810534346849,0.000403318234020844,0.000375953881302848,0.000302866130368784,0.000772834871895611,0.000471969018690288,0.000519654422532767,0.000458209193311632,0.000381357152946293,0.000305672554532066,0.000354452640749514,0.000575167534407228,0.000297668244456872,0.00192075711674988,0.000358231307473034,0.000563375360798091,0.000189221333130263,0.000788253732025623,0.000503119605127722,0.000455682456959039,0.000503532646689564,0.000525417504832149,0.000509286823216826,0.00181763409636915,0.000300691754091531,0.00209268904291093,0.0013106653932482,0.000916045333724469,0.000330833194311708,0.00121347012463957,0.000896571727935225,0.000148416351294145,0.00261703878641129,0.00145725021138787,0.000925246102269739,0.00202062772586942,0.000741120253223926,0.000261509325355291,0.000639588222838938,0.000657791155390441,0.000587499293033034,0.000434827379649505,0.000619533704593778,0.00062641385011375,0.000602209358476102,0.000550988072063774,0.000725908728782088,0.000932405877392739,0.000709953485056758,0.00083092472050339,0.000385200808523223,0.000632099166978151,0.000509481760673225,0.000804126902949065,0.00087260187137872,0.000664287654217333,0.000853044213727117,0.000794511346612126,0.000327735935570672,0.00219567283056676,0.00115239236038178,0.00149083766154945,0.00047401012852788,0.00065720034763217,0.000768310390412807,0.000844459747895598,0.00107756291981786
0.720000028610229,271819.17339386,499318880.0,0.704607963562012,0.000367929140338674,0.00176110968459398,0.00141577620524913,0.00369362719357014,0.00276230066083372,0.0012738867662847,0.00145321513991803,0.00102778093423694,0.00169409753289074,0.000155661517055705,0.000515447463840246,0.00350714405067265,0.00289609166793525,0.00167201971635222,0.000309202790958807,0.000550048949662596,0.00128528650384396,0.00325117236934602,0.000556268903892487,0.000454052031273022,0.000726215075701475,0.00284766056574881,0.00348170194774866,0.0033615161664784,0.00163649674504995,0.00192585552576929,0.000359864323399961,0.000302939937682822,0.000462937954580411,0.000283521105302498,0.000227159282076173,0.000195130909560248,0.000187161946087144,0.00139465846586972,0.000859877094626427,0.00141876330599189,0.00179995875805616,0.00129432312678546,0.000816580839455128,0.000798319524619728,0.00140787300188094,0.00106418947689235,0.000533446087501943,0.000558606814593077,0.000346087152138352,0.000616471050307155,0.00126320740673691,0.00322816474363208,0.00197027926333249,0.00130292284302413,0.00181353196967393,0.00271866889670491,0.000496124557685107,0.00530500244349241,0.00251624989323318,0.00129954249132425,0.000136953080072999,0.00247109634801745,0.003404462011531,0.000531709927599877,0.00591633329167962,0.00591341871768236,0.00567141966894269,0.00280076265335083,0.0059000332839787,0.0062925168313086,0.00348136317916214,0.000610290560871363,0.000703793950378895,0.000336232740664855,0.00062358466675505,0.00102689967025071,0.00164159550331533,0.00168670678976923,0.00139459094498307,0.0012863987358287,0.00150373473297805,0.000831349228974432,0.00279026757925749,0.00590314297005534,0.00245915213599801,0.00657407473772764,0.00564972730353475,0.002259113593027,0.00616565579548478,0.000869285257067531,0.00122094061225653,0.00109300808981061,0.00197711982764304,0.000199493224499747,0.00131951610092074,0.00101240945514292,0.000574314617551863,0.000981804449111223,0.00154640816617757,0.00116934278048575,0.00116034597158432,0.00121576606761664,0.00185593497008085,0.000741552037652582,0.000365339365089312,0.00060238764854148,0.000531184312421829,0.000885750749148428,0.00190922827459872,0.000681361765600741,0.00267350301146507,0.000374814058886841,0.00158406246919185,0.000598188897129148,0.00100554537493736,0.00269324309192598,0.000513016129843891,0.000830753473564982,0.00336032966151834,0.00103117199614644,0.000877504819072783,0.0033442850690335,0.00275533553212881,0.000186629447853193,0.00349532696418464,0.00112423021346331,0.00346369855105877,0.00140728719998151,0.000692903937306255,0.000999172916635871,0.00214885803870857,0.00103242183104157,0.000454243359854445,0.00107133772689849,0.00105333188548684,0.000667338026687503,0.000803254311904311,0.00102927663829178,0.000264491187408566,0.000212278930121101,0.000614642805885524,0.000843094079755247,0.00184263638220727,0.000536164501681924,0.00110170990228653,0.000636043783742934,0.000658577075228095,0.00186872249469161,0.00092749489704147,0.000926416018046439,0.000797977554611862,0.000559089647140354,0.000470157567178831,0.000684661674313247,0.000572706165257841,0.000331992720020935,0.00114887370727956,0.000348586559994146,0.00108679349068552,0.000423180143116042,0.000397385272663087,0.000319245795253664,0.000814686063677073,0.000495739979669452,0.000555166625417769,0.000484157004393637,0.000400698569137603,0.000320282008033246,0.000375715433619916,0.000606847170274705,0.000313375901896507,0.00204852665774524,0.000368340144632384,0.000598829356022179,0.000198111549252644,0.00082892196951434,0.000532244797796011,0.000483214593259618,0.000532773672603071,0.000550644122995436,0.00053695437964052,0.00192943029105663,0.000314108678139746,0.00220272573642433,0.00138486502692103,0.000968727981671691,0.000343699852237478,0.00128737068735063,0.000949544017203152,0.000154524896061048,0.00276471092365682,0.00154350989032537,0.000979316188022494,0.00214127218350768,0.000778267218265682,0.000277076091151685,0.00067307217977941,0.000693716108798981,0.000617600278928876,0.000459522649180144,0.00065222883131355,0.000662351725623012,0.000637134828139096,0.000582471606321633,0.000765187724027783,0.000985804479569197,0.000750441337004304,0.000877780839800835,0.000406577833928168,0.000666069507133216,0.000537528947461396,0.000850224692840129,0.000922904524486512,0.000698675168678164,0.000899338570889086,0.000837988627608865,0.000345380569342524,0.00231584813445807,0.00121254520490766,0.00157130626030266,0.000492618943098933,0.000690993387252092,0.000807345262728631,0.00088996347039938,0.00113270652946085
